{
  "Low": {
    "mean_loss": 0.38508428567574426,
    "max_loss": 5.948495875046888,
    "min_loss": 4.523153828017712e-05
  }
}