{
  "High": {
    "mean_loss": 0.05803992278966802,
    "max_loss": 4.524625396728517,
    "min_loss": 6.844761699653645e-07
  }
}