{
  "Open": {
    "mean_loss": 0.27065279997985375,
    "max_loss": 3.932102682593751,
    "min_loss": 9.99171328430748e-06
  }
}