{
  "experiment": {
    "loss": [
      0.2648021876811981,
      0.24069036543369293,
      0.2390241026878357
    ],
    "accuracy": [
      0.9057400226593018,
      0.9149199724197388,
      0.914680004119873
    ],
    "val_loss": [
      0.474629282951355,
      0.4581896960735321,
      0.4610443711280823
    ],
    "val_accuracy": [
      0.8511000275611877,
      0.8597000241279602,
      0.8586000204086304
    ]
  },
  "experiment_2": {
    "loss": [
      0.23058545589447021,
      0.22877433896064758,
      0.21900849044322968,
      0.221348375082016,
      0.21538357436656952
    ],
    "accuracy": [
      0.9175400137901306,
      0.9169399738311768,
      0.9219599962234497,
      0.9214400053024292,
      0.9230999946594238
    ],
    "val_loss": [
      0.46845996379852295,
      0.4561604857444763,
      0.45887309312820435,
      0.4715140759944916,
      0.4631224572658539
    ],
    "val_accuracy": [
      0.8574000000953674,
      0.8586999773979187,
      0.8614000082015991,
      0.8597000241279602,
      0.8614000082015991
    ]
  },
  "DavidNet": {
    "loss": [
      0.09581790119409561,
      0.07225295901298523,
      0.06071815267205238,
      0.053158488124608994,
      0.04748038947582245,
      0.043125830590724945,
      0.03822805732488632,
      0.03445376828312874,
      0.033668410032987595,
      0.030239759013056755
    ],
    "accuracy": [
      0.9695000052452087,
      0.9791600108146667,
      0.9833599925041199,
      0.9862200021743774,
      0.9876000285148621,
      0.9893199801445007,
      0.9914799928665161,
      0.992579996585846,
      0.9923400282859802,
      0.9936800003051758
    ],
    "val_loss": [
      0.7456473112106323,
      0.7026892304420471,
      0.7122166752815247,
      0.7438332438468933,
      0.7334147095680237,
      0.7390391230583191,
      0.7493343353271484,
      0.7591261267662048,
      0.7788161635398865,
      0.7767406702041626
    ],
    "val_accuracy": [
      0.8001999855041504,
      0.8108999729156494,
      0.8116000294685364,
      0.8046000003814697,
      0.8122000098228455,
      0.8138999938964844,
      0.8144000172615051,
      0.8158000111579895,
      0.8141999840736389,
      0.8127999901771545
    ]
  },
  "hybridDense": {
    "loss": [
      0.2886538803577423,
      0.2750103771686554,
      0.2658034861087799,
      0.26455438137054443,
      0.26133817434310913,
      0.2563512325286865,
      0.2554260790348053,
      0.25115734338760376,
      0.2542896568775177,
      0.24911506474018097
    ],
    "accuracy": [
      0.897379994392395,
      0.9032400250434875,
      0.9063000082969666,
      0.9060999751091003,
      0.9073600172996521,
      0.9089800119400024,
      0.9096599817276001,
      0.912060022354126,
      0.9096400141716003,
      0.9126999974250793
    ],
    "val_loss": [
      0.5499758720397949,
      0.541526198387146,
      0.5035161972045898,
      0.5294733643531799,
      0.526543915271759,
      0.5228769183158875,
      0.5298110246658325,
      0.5201604962348938,
      0.543085515499115,
      0.5141300559043884
    ],
    "val_accuracy": [
      0.8223000168800354,
      0.8263999819755554,
      0.8377000093460083,
      0.830299973487854,
      0.832099974155426,
      0.8339999914169312,
      0.8334000110626221,
      0.8353999853134155,
      0.828499972820282,
      0.8379999995231628
    ]
  },

  "ConcatDense2": {
    "loss": [
      1.2993595600128174,
      0.8398468494415283,
      0.6543466448783875,
      0.5342782139778137,
      0.4544525742530823,
      0.3877182900905609,
      0.33135315775871277,
      0.2893775999546051,
      0.25706496834754944,
      0.22006095945835114
    ],
    "accuracy": [
      0.5345199704170227,
      0.704039990901947,
      0.7748200297355652,
      0.8154199719429016,
      0.8422799706459045,
      0.8659600019454956,
      0.8830599784851074,
      0.8988199830055237,
      0.9095399975776672,
      0.9217399954795837
    ],
    "val_loss": [
      1.4481475353240967,
      1.2014166116714478,
      0.7545701265335083,
      0.7930728197097778,
      0.8650290966033936,
      0.8264345526695251,
      0.9769818186759949,
      1.2292207479476929,
      1.1469354629516602,
      0.7213457226753235
    ],
    "val_accuracy": [
      0.527899980545044,
      0.6183000206947327,
      0.7675999999046326,
      0.7645000219345093,
      0.758400022983551,
      0.7681000232696533,
      0.7667999863624573,
      0.7369999885559082,
      0.7430999875068665,
      0.8274000287055969
    ]
  },

  "vgg_drop_3": {
    "loss": [
      1.4706954956054688,
      0.9821966290473938,
      0.7704605460166931,
      0.6365652084350586,
      0.5320373177528381,
      0.45048215985298157,
      0.38555198907852173,
      0.32378461956977844,
      0.27967777848243713,
      0.24138209223747253
    ],
    "accuracy": [
      0.4658600091934204,
      0.653659999370575,
      0.7293400168418884,
      0.7774400115013123,
      0.8134599924087524,
      0.8425400257110596,
      0.8648999929428101,
      0.8867200016975403,
      0.9026399850845337,
      0.9150999784469604
    ],
    "val_loss": [
      1.7638190984725952,
      0.9249584674835205,
      0.7993471026420593,
      0.7191816568374634,
      0.6682549715042114,
      0.6127994060516357,
      0.608084499835968,
      0.6637439727783203,
      0.635435163974762,
      0.6497923135757446
    ],
    "val_accuracy": [
      0.45419999957084656,
      0.6686000227928162,
      0.7199000120162964,
      0.7591999769210815,
      0.7745000123977661,
      0.798799991607666,
      0.8023999929428101,
      0.7932000160217285,
      0.807699978351593,
      0.8125
    ]
  },
  "vgg_drop_avg": {
    "loss": [
      1.5784796476364136,
      1.2773010730743408,
      1.1335400342941284,
      1.0366706848144531,
      0.9545372724533081,
      0.8948913216590881,
      0.8383037447929382,
      0.7996766567230225,
      0.7573283314704895,
      0.7232011556625366
    ],
    "accuracy": [
      0.4267599880695343,
      0.5438399910926819,
      0.5985599756240845,
      0.6343799829483032,
      0.6631600260734558,
      0.6846399903297424,
      0.7036200165748596,
      0.7176600098609924,
      0.732699990272522,
      0.7452200055122375
    ],
    "val_loss": [
      1.38240647315979,
      1.1533972024917603,
      1.1111822128295898,
      0.9393603801727295,
      0.931948721408844,
      0.8970310688018799,
      0.8305630683898926,
      0.8514211177825928,
      0.7984266877174377,
      0.7729184627532959
    ],
    "val_accuracy": [
      0.5041999816894531,
      0.5805000066757202,
      0.5968999862670898,
      0.6664999723434448,
      0.6748999953269958,
      0.6872000098228455,
      0.7088000178337097,
      0.7034000158309937,
      0.7253000140190125,
      0.7287999987602234
    ]
  }
}