{
  "Mean": {
    "mean_loss": 0.08399163399704214,
    "max_loss": 3.0606612641724382,
    "min_loss": 3.210775165241042e-06
  }
}