{
  "Mean": {
    "mean_loss": 0.09240888697422417,
    "max_loss": 2.1732787568482195,
    "min_loss": 6.457144772209489e-07
  }
}