{
  "Mean": {
    "mean_loss": 13.314508660293685,
    "max_loss": 332.68212890625,
    "min_loss": 0.0
  }
}