{
  "Mean": {
    "mean_loss": 47.0369226202787,
    "max_loss": 610.4936839623324,
    "min_loss": 0.016536240593268303
  }
}