{
  "Low": {
    "mean_loss": 0.10570433064927123,
    "max_loss": 1.9927163084939608,
    "min_loss": 2.086162567138672e-06
  }
}